{"count":1,"self":1614.7258368,"total":2055.7174179999997,"children":{"InitializeActuators":{"count":2,"self":0.00080899999999999993,"total":0.00080899999999999993,"children":null},"InitializeSensors":{"count":2,"self":0.001139,"total":0.001139,"children":null},"AgentSendState":{"count":1243506,"self":1.001215,"total":44.900258,"children":{"CollectObservations":{"count":148313,"self":27.7127968,"total":27.712797,"children":null},"WriteActionMask":{"count":121688,"self":0.10967199999999999,"total":0.10967199999999999,"children":null},"RequestDecision":{"count":121688,"self":0.416633,"total":16.076574,"children":{"AgentInfo.ToProto":{"count":121688,"self":0.38582299999999997,"total":15.659941,"children":{"GenerateSensorData":{"count":121688,"self":15.274118399999999,"total":15.274118,"children":null}}}}}}},"DecideAction":{"count":1216881,"self":360.1866496,"total":360.186654,"children":null},"AgentAct":{"count":1216881,"self":35.891439999999996,"total":35.902372,"children":{"AgentInfo.ToProto":{"count":81,"self":0.00018099999999999998,"total":0.010931999999999999,"children":{"GenerateSensorData":{"count":81,"self":0.010751,"total":0.010751,"children":null}}}}}},"gauges":{"CaterPassengers.CumulativeReward":{"count":81,"max":1.33109152,"min":0.259322554,"runningAverage":0.5305695,"value":0.259322554,"weightedAverage":0.481387764}},"metadata":{"timer_format_version":"0.1.0","start_time_seconds":"1716902480","unity_version":"2022.3.19f1","command_line_arguments":"\/Applications\/Unity\/Hub\/Editor\/2022.3.19f1\/Unity.app\/Contents\/MacOS\/Unity -projectpath \/Users\/leonbuena\/Lifts -useHub -hubIPC -cloudEnvironment production","communication_protocol_version":"1.5.0","com.unity.ml-agents_version":"3.0.0-exp.1","scene_name":"SampleScene","end_time_seconds":"1716904536"}}