{
    "name": "root",
    "gauges": {
        "CaterPassengers.Policy.Entropy.mean": {
            "value": 5.398169040679932,
            "min": 3.6067636013031006,
            "max": 5.398169040679932,
            "count": 6
        },
        "CaterPassengers.Policy.Entropy.sum": {
            "value": 270167.5625,
            "min": 180464.421875,
            "max": 270167.5625,
            "count": 6
        },
        "CaterPassengers.Step.mean": {
            "value": 299991.0,
            "min": 49964.0,
            "max": 299991.0,
            "count": 6
        },
        "CaterPassengers.Step.sum": {
            "value": 299991.0,
            "min": 49964.0,
            "max": 299991.0,
            "count": 6
        },
        "CaterPassengers.Policy.ExtrinsicValueEstimate.mean": {
            "value": 0.2145763784646988,
            "min": -3.482231378555298,
            "max": 0.2145763784646988,
            "count": 6
        },
        "CaterPassengers.Policy.ExtrinsicValueEstimate.sum": {
            "value": 169.5153350830078,
            "min": -2737.033935546875,
            "max": 169.5153350830078,
            "count": 6
        },
        "CaterPassengers.Environment.EpisodeLength.mean": {
            "value": 2899.0,
            "min": 2899.0,
            "max": 8993.666666666666,
            "count": 6
        },
        "CaterPassengers.Environment.EpisodeLength.sum": {
            "value": 46384.0,
            "min": 44771.0,
            "max": 53962.0,
            "count": 6
        },
        "CaterPassengers.Environment.CumulativeReward.mean": {
            "value": 0.4951250047015492,
            "min": 0.3241620032116771,
            "max": 0.5004889018730156,
            "count": 6
        },
        "CaterPassengers.Environment.CumulativeReward.sum": {
            "value": 7.922000075224787,
            "min": 2.5206400747410953,
            "max": 7.922000075224787,
            "count": 6
        },
        "CaterPassengers.Policy.ExtrinsicReward.mean": {
            "value": 0.4951250047015492,
            "min": 0.3241620032116771,
            "max": 0.5004889018730156,
            "count": 6
        },
        "CaterPassengers.Policy.ExtrinsicReward.sum": {
            "value": 7.922000075224787,
            "min": 2.5206400747410953,
            "max": 7.922000075224787,
            "count": 6
        },
        "CaterPassengers.Losses.PolicyLoss.mean": {
            "value": 0.02391846757770206,
            "min": 0.022108252414424594,
            "max": 0.02619287318084389,
            "count": 6
        },
        "CaterPassengers.Losses.PolicyLoss.sum": {
            "value": 0.11959233788851029,
            "min": 0.10477149272337556,
            "max": 0.12252046318414311,
            "count": 6
        },
        "CaterPassengers.Losses.ValueLoss.mean": {
            "value": 0.005072953559380646,
            "min": 0.005072953559380646,
            "max": 0.7773052408049503,
            "count": 6
        },
        "CaterPassengers.Losses.ValueLoss.sum": {
            "value": 0.025364767796903227,
            "min": 0.025364767796903227,
            "max": 3.1092209632198013,
            "count": 6
        },
        "CaterPassengers.Policy.LearningRate.mean": {
            "value": 0.00013356209547932,
            "min": 0.00013356209547932,
            "max": 0.00028459980513339996,
            "count": 6
        },
        "CaterPassengers.Policy.LearningRate.sum": {
            "value": 0.0006678104773966,
            "min": 0.0006678104773966,
            "max": 0.0012842658719113998,
            "count": 6
        },
        "CaterPassengers.Policy.Epsilon.mean": {
            "value": 0.14452068,
            "min": 0.14452068,
            "max": 0.19486660000000003,
            "count": 6
        },
        "CaterPassengers.Policy.Epsilon.sum": {
            "value": 0.7226034000000001,
            "min": 0.7226034000000001,
            "max": 0.9280886000000002,
            "count": 6
        },
        "CaterPassengers.Policy.Beta.mean": {
            "value": 0.0022315819320000005,
            "min": 0.0022315819320000005,
            "max": 0.00474384334,
            "count": 6
        },
        "CaterPassengers.Policy.Beta.sum": {
            "value": 0.011157909660000003,
            "min": 0.011157909660000003,
            "max": 0.02141162114,
            "count": 6
        },
        "CaterPassengers.IsTraining.mean": {
            "value": 1.0,
            "min": 1.0,
            "max": 1.0,
            "count": 6
        },
        "CaterPassengers.IsTraining.sum": {
            "value": 1.0,
            "min": 1.0,
            "max": 1.0,
            "count": 6
        }
    },
    "metadata": {
        "timer_format_version": "0.1.0",
        "start_time_seconds": "1716715224",
        "python_version": "3.10.12 (main, Jul  5 2023, 15:02:25) [Clang 14.0.6 ]",
        "command_line_arguments": "/Users/leonbuena/miniconda3/envs/mlagents/bin/mlagents-learn --force --run-id 78",
        "mlagents_version": "1.1.0.dev0",
        "mlagents_envs_version": "1.1.0.dev0",
        "communication_protocol_version": "1.5.0",
        "pytorch_version": "2.2.1",
        "numpy_version": "1.21.2",
        "end_time_seconds": "1716719700"
    },
    "total": 4475.918989667,
    "count": 1,
    "self": 0.004792250998434611,
    "children": {
        "run_training.setup": {
            "total": 0.014603583000280196,
            "count": 1,
            "self": 0.014603583000280196
        },
        "TrainerController.start_learning": {
            "total": 4475.899593833001,
            "count": 1,
            "self": 2.5325778447731864,
            "children": {
                "TrainerController._reset_env": {
                    "total": 7.192978334000145,
                    "count": 1,
                    "self": 7.192978334000145
                },
                "TrainerController.advance": {
                    "total": 4466.029574862227,
                    "count": 311066,
                    "self": 2.2969954011605296,
                    "children": {
                        "env_step": {
                            "total": 4425.470648910641,
                            "count": 311066,
                            "self": 4276.428300622016,
                            "children": {
                                "SubprocessEnvManager._take_step": {
                                    "total": 146.98190545209764,
                                    "count": 311066,
                                    "self": 4.981720101846804,
                                    "children": {
                                        "TorchPolicy.evaluate": {
                                            "total": 142.00018535025083,
                                            "count": 310999,
                                            "self": 142.00018535025083
                                        }
                                    }
                                },
                                "workers": {
                                    "total": 2.060442836527727,
                                    "count": 311065,
                                    "self": 0.0,
                                    "children": {
                                        "worker_root": {
                                            "total": 4343.390105520355,
                                            "count": 311065,
                                            "is_parallel": true,
                                            "self": 309.606823326174,
                                            "children": {
                                                "steps_from_proto": {
                                                    "total": 0.0020463330001803115,
                                                    "count": 1,
                                                    "is_parallel": true,