{
    "name": "root",
    "metadata": {
        "timer_format_version": "0.1.0",
        "start_time_seconds": "1716893054",
        "python_version": "3.10.12 (main, Jul  5 2023, 15:02:25) [Clang 14.0.6 ]",
        "command_line_arguments": "/Users/leonbuena/miniconda3/envs/mlagents/bin/mlagents-learn --force --run-id 78",
        "mlagents_version": "1.1.0.dev0",
        "mlagents_envs_version": "1.1.0.dev0",
        "communication_protocol_version": "1.5.0",
        "pytorch_version": "2.2.1",
        "numpy_version": "1.21.2",
        "end_time_seconds": "1716893156"
    },
    "total": 101.66853841699958,
    "count": 1,
    "self": 0.006631709999965096,
    "children": {
        "run_training.setup": {
            "total": 0.014087665999795718,
            "count": 1,
            "self": 0.014087665999795718
        },
        "TrainerController.start_learning": {
            "total": 101.64781904099982,
            "count": 1,
            "self": 0.03507191397875431,
            "children": {
                "TrainerController._reset_env": {
                    "total": 6.563600250000491,
                    "count": 1,
                    "self": 6.563600250000491
                },
                "TrainerController.advance": {
                    "total": 94.96160179302024,
                    "count": 4552,
                    "self": 0.03232239801673131,
                    "children": {
                        "env_step": {
                            "total": 94.73487645501427,
                            "count": 4552,
                            "self": 92.57044828296239,
                            "children": {
                                "SubprocessEnvManager._take_step": {
                                    "total": 2.136914685062038,
                                    "count": 4552,
                                    "self": 0.07551541309385357,
                                    "children": {
                                        "TorchPolicy.evaluate": {
                                            "total": 2.0613992719681846,
                                            "count": 4551,
                                            "self": 2.0613992719681846
                                        }
                                    }
                                },
                                "workers": {
                                    "total": 0.02751348698984657,
                                    "count": 4551,
                                    "self": 0.0,
                                    "children": {
                                        "worker_root": {
                                            "total": 34.35656717600341,
                                            "count": 4551,
                                            "is_parallel": true,
                                            "self": 4.547865405969787,
                                            "children": {
                                                "steps_from_proto": {
                                                    "total": 0.0013248329996713437,
                                                    "count": 1,
                                                    "is_parallel": true,
                                                    "self": 0.000724957998500031,
                                                    "children": {
                                                        "_process_rank_one_or_two_observation": {
                                                            "total": 0.0005998750011713128,
                                                            "count": 2,
                                                            "is_parallel": true,
                                                            "self": 0.0005998750011713128
                                                        }
                                                    }
                                                },
                                                "UnityEnvironment.step": {
                                                    "total": 29.80737693703395,
                                                    "count": 4551,
                                                    "is_parallel": true,
                                                    "self": 0.11450738300572993,
                                                    "children": {
                                                        "UnityEnvironment._generate_step_input": {
                                                            "total": 0.22662193103951722,
                                                            "count": 4551,
                                                            "is_parallel": true,
                                                            "self": 0.22662193103951722
                                                        },
                                                        "communicator.exchange": {
                                                            "total": 28.92834900998514,
                                                            "count": 4551,
                                                            "is_parallel": true,
                                                            "self": 28.92834900998514
                                                        },
                                                        "steps_from_proto": {
                                                            "total": 0.5378986130035628,
                                                            "count": 4551,
                                                            "is_parallel": true,
                                                            "self": 0.3080644339970604,
                                                            "children": {
                                                                "_process_rank_one_or_two_observation": {
                                                                    "total": 0.22983417900650238,
                                                                    "count": 9102,
                                                                    "is_parallel": true,
                                                                    "self": 0.22983417900650238
                                                                }
                                                            }
                                                        }
                                                    }
                                                }
                                            }
                                        }
                                    }
                                }
                            }
                        },
                        "trainer_advance": {
                            "total": 0.19440293998923153,
                            "count": 4551,
                            "self": 0.04406267094964278,
                            "children": {
                                "process_trajectory": {
                                    "total": 0.15034026903958875,
                                    "count": 4551,
                                    "self": 0.15034026903958875
                                }
                            }
                        }
                    }
                },
                "TrainerController._save_models": {
                    "total": 0.08754508400033956,
                    "count": 1,
                    "self": 0.0005063759999757167,
                    "children": {
                        "RLTrainer._checkpoint": {
                            "total": 0.08703870800036384,
                            "count": 1,