{
    "name": "root",
    "metadata": {
        "timer_format_version": "0.1.0",
        "start_time_seconds": "1716848541",
        "python_version": "3.10.12 (main, Jul  5 2023, 15:02:25) [Clang 14.0.6 ]",
        "command_line_arguments": "/Users/leonbuena/miniconda3/envs/mlagents/bin/mlagents-learn --force",
        "mlagents_version": "1.1.0.dev0",
        "mlagents_envs_version": "1.1.0.dev0",
        "communication_protocol_version": "1.5.0",
        "pytorch_version": "2.2.1",
        "numpy_version": "1.21.2",
        "end_time_seconds": "1716849058"
    },
    "total": 516.821862625,
    "count": 1,
    "self": 0.00495345800004543,
    "children": {
        "run_training.setup": {
            "total": 0.019267916999979207,
            "count": 1,
            "self": 0.019267916999979207
        },
        "TrainerController.start_learning": {
            "total": 516.79764125,
            "count": 1,
            "self": 0.19744676900234026,
            "children": {
                "TrainerController._reset_env": {
                    "total": 20.02849504200003,
                    "count": 1,
                    "self": 20.02849504200003
                },
                "TrainerController.advance": {
                    "total": 496.4859996469976,
                    "count": 20142,
                    "self": 0.21176378399633222,
                    "children": {
                        "env_step": {
                            "total": 494.3819284679981,
                            "count": 20142,
                            "self": 480.7027391260011,
                            "children": {
                                "SubprocessEnvManager._take_step": {
                                    "total": 13.528297296000744,
                                    "count": 20142,
                                    "self": 0.40176479699499623,
                                    "children": {
                                        "TorchPolicy.evaluate": {
                                            "total": 13.126532499005748,
                                            "count": 20126,
                                            "self": 13.126532499005748
                                        }
                                    }
                                },
                                "workers": {
                                    "total": 0.15089204599621553,
                                    "count": 20141,
                                    "self": 0.0,
                                    "children": {
                                        "worker_root": {
                                            "total": 378.27689260500114,
                                            "count": 20141,
                                            "is_parallel": true,
                                            "self": 25.357544884994468,
                                            "children": {
                                                "steps_from_proto": {
                                                    "total": 0.0012960829999997259,
                                                    "count": 1,
                                                    "is_parallel": true,
                                                    "self": 0.0008067080000273563,
                                                    "children": {
                                                        "_process_rank_one_or_two_observation": {
                                                            "total": 0.0004893749999723696,
                                                            "count": 2,
                                                            "is_parallel": true,
                                                            "self": 0.0004893749999723696
                                                        }
                                                    }
                                                },
                                                "UnityEnvironment.step": {
                                                    "total": 352.91805163700667,
                                                    "count": 20141,
                                                    "is_parallel": true,
                                                    "self": 0.5762504100027854,
                                                    "children": {
                                                        "UnityEnvironment._generate_step_input": {
                                                            "total": 1.1291579779950212,
                                                            "count": 20141,
                                                            "is_parallel": true,
                                                            "self": 1.1291579779950212
                                                        },
                                                        "communicator.exchange": {
                                                            "total": 348.42718438900175,
                                                            "count": 20141,
                                                            "is_parallel": true,
                                                            "self": 348.42718438900175
                                                        },
                                                        "steps_from_proto": {
                                                            "total": 2.785458860007111,
                                                            "count": 20141,
                                                            "is_parallel": true,
                                                            "self": 1.457005180009503,
                                                            "children": {
                                                                "_process_rank_one_or_two_observation": {
                                                                    "total": 1.328453679997608,
                                                                    "count": 40282,
                                                                    "is_parallel": true,
                                                                    "self": 1.328453679997608
                                                                }
                                                            }
                                                        }
                                                    }
                                                }
                                            }
                                        }
                                    }
                                }
                            }
                        },
                        "trainer_advance": {
                            "total": 1.8923073950031721,
                            "count": 20141,
                            "self": 0.24558082699218176,
                            "children": {
                                "process_trajectory": {
                                    "total": 0.7996604010109536,
                                    "count": 20141,
                                    "self": 0.7996604010109536
                                },
                                "_update_policy": {
                                    "total": 0.8470661670000368,
                                    "count": 1,
                                    "self": 0.5900268740002161,
                                    "children": {
                                        "TorchPPOOptimizer.update": {
                                            "total": 0.25703929299982065,
                                            "count": 30,